Pos1,AA1,Pos2,AA2,Original_AA1,Original_AA2,Mutation1,Mutation2,Mutated_Sequence,Pred_Mean
113,F,145,C,H,V,H113F,V145C,MTSMQKVFAGYAARQAVLEASNDPFAKGIAWIEGEYVPLAEARIPLLDQGFMRSDLTYDVPSVWDGRFFRLDDHLTRLEVSCDKLRLKVPLPRDEVKRILVDMVAKSGIRDAFVCLIVTRGLKGVRGTKPEDIVNRLYMFIQPYCWVMEPEMQHTGGSAIVARTVRRVPPGAIDPTIKNLQWGDLVRGMFEASDRGATYPFLTDGDAHLTEGSGFNIVLVKDGVLYTPDRGVLQGITRKSVFDAARACGIEVRLEFVPVELAYNADEIFMSTTAGGIMPITSLDGKPVNGGQVGPVTKAIWDTYWAMHYDPVYSFQIDYDGVQKSGVNGLGKL,0.6194
115,Y,147,I,C,V,C115Y,V147I,MTSMQKVFAGYAARQAVLEASNDPFAKGIAWIEGEYVPLAEARIPLLDQGFMRSDLTYDVPSVWDGRFFRLDDHLTRLEVSCDKLRLKVPLPRDEVKRILVDMVAKSGIRDAHVYLIVTRGLKGVRGTKPEDIVNRLYMFIQPYVWIMEPEMQHTGGSAIVARTVRRVPPGAIDPTIKNLQWGDLVRGMFEASDRGATYPFLTDGDAHLTEGSGFNIVLVKDGVLYTPDRGVLQGITRKSVFDAARACGIEVRLEFVPVELAYNADEIFMSTTAGGIMPITSLDGKPVNGGQVGPVTKAIWDTYWAMHYDPVYSFQIDYDGVQKSGVNGLGKL,0.5945
145,A,147,I,V,V,V145A,V147I,MTSMQKVFAGYAARQAVLEASNDPFAKGIAWIEGEYVPLAEARIPLLDQGFMRSDLTYDVPSVWDGRFFRLDDHLTRLEVSCDKLRLKVPLPRDEVKRILVDMVAKSGIRDAHVCLIVTRGLKGVRGTKPEDIVNRLYMFIQPYAWIMEPEMQHTGGSAIVARTVRRVPPGAIDPTIKNLQWGDLVRGMFEASDRGATYPFLTDGDAHLTEGSGFNIVLVKDGVLYTPDRGVLQGITRKSVFDAARACGIEVRLEFVPVELAYNADEIFMSTTAGGIMPITSLDGKPVNGGQVGPVTKAIWDTYWAMHYDPVYSFQIDYDGVQKSGVNGLGKL,0.5896
113,F,312,S,H,V,H113F,V312S,MTSMQKVFAGYAARQAVLEASNDPFAKGIAWIEGEYVPLAEARIPLLDQGFMRSDLTYDVPSVWDGRFFRLDDHLTRLEVSCDKLRLKVPLPRDEVKRILVDMVAKSGIRDAFVCLIVTRGLKGVRGTKPEDIVNRLYMFIQPYVWVMEPEMQHTGGSAIVARTVRRVPPGAIDPTIKNLQWGDLVRGMFEASDRGATYPFLTDGDAHLTEGSGFNIVLVKDGVLYTPDRGVLQGITRKSVFDAARACGIEVRLEFVPVELAYNADEIFMSTTAGGIMPITSLDGKPVNGGQVGPVTKAIWDTYWAMHYDPSYSFQIDYDGVQKSGVNGLGKL,0.5893
145,A,147,L,V,V,V145A,V147L,MTSMQKVFAGYAARQAVLEASNDPFAKGIAWIEGEYVPLAEARIPLLDQGFMRSDLTYDVPSVWDGRFFRLDDHLTRLEVSCDKLRLKVPLPRDEVKRILVDMVAKSGIRDAHVCLIVTRGLKGVRGTKPEDIVNRLYMFIQPYAWLMEPEMQHTGGSAIVARTVRRVPPGAIDPTIKNLQWGDLVRGMFEASDRGATYPFLTDGDAHLTEGSGFNIVLVKDGVLYTPDRGVLQGITRKSVFDAARACGIEVRLEFVPVELAYNADEIFMSTTAGGIMPITSLDGKPVNGGQVGPVTKAIWDTYWAMHYDPVYSFQIDYDGVQKSGVNGLGKL,0.588
113,F,147,I,H,V,H113F,V147I,MTSMQKVFAGYAARQAVLEASNDPFAKGIAWIEGEYVPLAEARIPLLDQGFMRSDLTYDVPSVWDGRFFRLDDHLTRLEVSCDKLRLKVPLPRDEVKRILVDMVAKSGIRDAFVCLIVTRGLKGVRGTKPEDIVNRLYMFIQPYVWIMEPEMQHTGGSAIVARTVRRVPPGAIDPTIKNLQWGDLVRGMFEASDRGATYPFLTDGDAHLTEGSGFNIVLVKDGVLYTPDRGVLQGITRKSVFDAARACGIEVRLEFVPVELAYNADEIFMSTTAGGIMPITSLDGKPVNGGQVGPVTKAIWDTYWAMHYDPVYSFQIDYDGVQKSGVNGLGKL,0.5854
113,F,312,T,H,V,H113F,V312T,MTSMQKVFAGYAARQAVLEASNDPFAKGIAWIEGEYVPLAEARIPLLDQGFMRSDLTYDVPSVWDGRFFRLDDHLTRLEVSCDKLRLKVPLPRDEVKRILVDMVAKSGIRDAFVCLIVTRGLKGVRGTKPEDIVNRLYMFIQPYVWVMEPEMQHTGGSAIVARTVRRVPPGAIDPTIKNLQWGDLVRGMFEASDRGATYPFLTDGDAHLTEGSGFNIVLVKDGVLYTPDRGVLQGITRKSVFDAARACGIEVRLEFVPVELAYNADEIFMSTTAGGIMPITSLDGKPVNGGQVGPVTKAIWDTYWAMHYDPTYSFQIDYDGVQKSGVNGLGKL,0.5818
113,F,325,C,H,S,H113F,S325C,MTSMQKVFAGYAARQAVLEASNDPFAKGIAWIEGEYVPLAEARIPLLDQGFMRSDLTYDVPSVWDGRFFRLDDHLTRLEVSCDKLRLKVPLPRDEVKRILVDMVAKSGIRDAFVCLIVTRGLKGVRGTKPEDIVNRLYMFIQPYVWVMEPEMQHTGGSAIVARTVRRVPPGAIDPTIKNLQWGDLVRGMFEASDRGATYPFLTDGDAHLTEGSGFNIVLVKDGVLYTPDRGVLQGITRKSVFDAARACGIEVRLEFVPVELAYNADEIFMSTTAGGIMPITSLDGKPVNGGQVGPVTKAIWDTYWAMHYDPVYSFQIDYDGVQKCGVNGLGKL,0.5797
145,C,272,S,V,T,V145C,T272S,MTSMQKVFAGYAARQAVLEASNDPFAKGIAWIEGEYVPLAEARIPLLDQGFMRSDLTYDVPSVWDGRFFRLDDHLTRLEVSCDKLRLKVPLPRDEVKRILVDMVAKSGIRDAHVCLIVTRGLKGVRGTKPEDIVNRLYMFIQPYCWVMEPEMQHTGGSAIVARTVRRVPPGAIDPTIKNLQWGDLVRGMFEASDRGATYPFLTDGDAHLTEGSGFNIVLVKDGVLYTPDRGVLQGITRKSVFDAARACGIEVRLEFVPVELAYNADEIFMSSTAGGIMPITSLDGKPVNGGQVGPVTKAIWDTYWAMHYDPVYSFQIDYDGVQKSGVNGLGKL,0.5796
113,F,325,H,H,S,H113F,S325H,MTSMQKVFAGYAARQAVLEASNDPFAKGIAWIEGEYVPLAEARIPLLDQGFMRSDLTYDVPSVWDGRFFRLDDHLTRLEVSCDKLRLKVPLPRDEVKRILVDMVAKSGIRDAFVCLIVTRGLKGVRGTKPEDIVNRLYMFIQPYVWVMEPEMQHTGGSAIVARTVRRVPPGAIDPTIKNLQWGDLVRGMFEASDRGATYPFLTDGDAHLTEGSGFNIVLVKDGVLYTPDRGVLQGITRKSVFDAARACGIEVRLEFVPVELAYNADEIFMSTTAGGIMPITSLDGKPVNGGQVGPVTKAIWDTYWAMHYDPVYSFQIDYDGVQKHGVNGLGKL,0.5753
113,W,145,C,H,V,H113W,V145C,MTSMQKVFAGYAARQAVLEASNDPFAKGIAWIEGEYVPLAEARIPLLDQGFMRSDLTYDVPSVWDGRFFRLDDHLTRLEVSCDKLRLKVPLPRDEVKRILVDMVAKSGIRDAWVCLIVTRGLKGVRGTKPEDIVNRLYMFIQPYCWVMEPEMQHTGGSAIVARTVRRVPPGAIDPTIKNLQWGDLVRGMFEASDRGATYPFLTDGDAHLTEGSGFNIVLVKDGVLYTPDRGVLQGITRKSVFDAARACGIEVRLEFVPVELAYNADEIFMSTTAGGIMPITSLDGKPVNGGQVGPVTKAIWDTYWAMHYDPVYSFQIDYDGVQKSGVNGLGKL,0.5738
312,S,325,V,V,S,V312S,S325V,MTSMQKVFAGYAARQAVLEASNDPFAKGIAWIEGEYVPLAEARIPLLDQGFMRSDLTYDVPSVWDGRFFRLDDHLTRLEVSCDKLRLKVPLPRDEVKRILVDMVAKSGIRDAHVCLIVTRGLKGVRGTKPEDIVNRLYMFIQPYVWVMEPEMQHTGGSAIVARTVRRVPPGAIDPTIKNLQWGDLVRGMFEASDRGATYPFLTDGDAHLTEGSGFNIVLVKDGVLYTPDRGVLQGITRKSVFDAARACGIEVRLEFVPVELAYNADEIFMSTTAGGIMPITSLDGKPVNGGQVGPVTKAIWDTYWAMHYDPSYSFQIDYDGVQKVGVNGLGKL,0.5728
115,Y,312,T,C,V,C115Y,V312T,MTSMQKVFAGYAARQAVLEASNDPFAKGIAWIEGEYVPLAEARIPLLDQGFMRSDLTYDVPSVWDGRFFRLDDHLTRLEVSCDKLRLKVPLPRDEVKRILVDMVAKSGIRDAHVYLIVTRGLKGVRGTKPEDIVNRLYMFIQPYVWVMEPEMQHTGGSAIVARTVRRVPPGAIDPTIKNLQWGDLVRGMFEASDRGATYPFLTDGDAHLTEGSGFNIVLVKDGVLYTPDRGVLQGITRKSVFDAARACGIEVRLEFVPVELAYNADEIFMSTTAGGIMPITSLDGKPVNGGQVGPVTKAIWDTYWAMHYDPTYSFQIDYDGVQKSGVNGLGKL,0.5725
115,Y,145,L,C,V,C115Y,V145L,MTSMQKVFAGYAARQAVLEASNDPFAKGIAWIEGEYVPLAEARIPLLDQGFMRSDLTYDVPSVWDGRFFRLDDHLTRLEVSCDKLRLKVPLPRDEVKRILVDMVAKSGIRDAHVYLIVTRGLKGVRGTKPEDIVNRLYMFIQPYLWVMEPEMQHTGGSAIVARTVRRVPPGAIDPTIKNLQWGDLVRGMFEASDRGATYPFLTDGDAHLTEGSGFNIVLVKDGVLYTPDRGVLQGITRKSVFDAARACGIEVRLEFVPVELAYNADEIFMSTTAGGIMPITSLDGKPVNGGQVGPVTKAIWDTYWAMHYDPVYSFQIDYDGVQKSGVNGLGKL,0.5713
145,C,147,I,V,V,V145C,V147I,MTSMQKVFAGYAARQAVLEASNDPFAKGIAWIEGEYVPLAEARIPLLDQGFMRSDLTYDVPSVWDGRFFRLDDHLTRLEVSCDKLRLKVPLPRDEVKRILVDMVAKSGIRDAHVCLIVTRGLKGVRGTKPEDIVNRLYMFIQPYCWIMEPEMQHTGGSAIVARTVRRVPPGAIDPTIKNLQWGDLVRGMFEASDRGATYPFLTDGDAHLTEGSGFNIVLVKDGVLYTPDRGVLQGITRKSVFDAARACGIEVRLEFVPVELAYNADEIFMSTTAGGIMPITSLDGKPVNGGQVGPVTKAIWDTYWAMHYDPVYSFQIDYDGVQKSGVNGLGKL,0.5713
113,F,145,T,H,V,H113F,V145T,MTSMQKVFAGYAARQAVLEASNDPFAKGIAWIEGEYVPLAEARIPLLDQGFMRSDLTYDVPSVWDGRFFRLDDHLTRLEVSCDKLRLKVPLPRDEVKRILVDMVAKSGIRDAFVCLIVTRGLKGVRGTKPEDIVNRLYMFIQPYTWVMEPEMQHTGGSAIVARTVRRVPPGAIDPTIKNLQWGDLVRGMFEASDRGATYPFLTDGDAHLTEGSGFNIVLVKDGVLYTPDRGVLQGITRKSVFDAARACGIEVRLEFVPVELAYNADEIFMSTTAGGIMPITSLDGKPVNGGQVGPVTKAIWDTYWAMHYDPVYSFQIDYDGVQKSGVNGLGKL,0.5708
312,S,325,L,V,S,V312S,S325L,MTSMQKVFAGYAARQAVLEASNDPFAKGIAWIEGEYVPLAEARIPLLDQGFMRSDLTYDVPSVWDGRFFRLDDHLTRLEVSCDKLRLKVPLPRDEVKRILVDMVAKSGIRDAHVCLIVTRGLKGVRGTKPEDIVNRLYMFIQPYVWVMEPEMQHTGGSAIVARTVRRVPPGAIDPTIKNLQWGDLVRGMFEASDRGATYPFLTDGDAHLTEGSGFNIVLVKDGVLYTPDRGVLQGITRKSVFDAARACGIEVRLEFVPVELAYNADEIFMSTTAGGIMPITSLDGKPVNGGQVGPVTKAIWDTYWAMHYDPSYSFQIDYDGVQKLGVNGLGKL,0.57
115,Y,145,A,C,V,C115Y,V145A,MTSMQKVFAGYAARQAVLEASNDPFAKGIAWIEGEYVPLAEARIPLLDQGFMRSDLTYDVPSVWDGRFFRLDDHLTRLEVSCDKLRLKVPLPRDEVKRILVDMVAKSGIRDAHVYLIVTRGLKGVRGTKPEDIVNRLYMFIQPYAWVMEPEMQHTGGSAIVARTVRRVPPGAIDPTIKNLQWGDLVRGMFEASDRGATYPFLTDGDAHLTEGSGFNIVLVKDGVLYTPDRGVLQGITRKSVFDAARACGIEVRLEFVPVELAYNADEIFMSTTAGGIMPITSLDGKPVNGGQVGPVTKAIWDTYWAMHYDPVYSFQIDYDGVQKSGVNGLGKL,0.5699
115,F,145,M,C,V,C115F,V145M,MTSMQKVFAGYAARQAVLEASNDPFAKGIAWIEGEYVPLAEARIPLLDQGFMRSDLTYDVPSVWDGRFFRLDDHLTRLEVSCDKLRLKVPLPRDEVKRILVDMVAKSGIRDAHVFLIVTRGLKGVRGTKPEDIVNRLYMFIQPYMWVMEPEMQHTGGSAIVARTVRRVPPGAIDPTIKNLQWGDLVRGMFEASDRGATYPFLTDGDAHLTEGSGFNIVLVKDGVLYTPDRGVLQGITRKSVFDAARACGIEVRLEFVPVELAYNADEIFMSTTAGGIMPITSLDGKPVNGGQVGPVTKAIWDTYWAMHYDPVYSFQIDYDGVQKSGVNGLGKL,0.5694
115,Y,325,E,C,S,C115Y,S325E,MTSMQKVFAGYAARQAVLEASNDPFAKGIAWIEGEYVPLAEARIPLLDQGFMRSDLTYDVPSVWDGRFFRLDDHLTRLEVSCDKLRLKVPLPRDEVKRILVDMVAKSGIRDAHVYLIVTRGLKGVRGTKPEDIVNRLYMFIQPYVWVMEPEMQHTGGSAIVARTVRRVPPGAIDPTIKNLQWGDLVRGMFEASDRGATYPFLTDGDAHLTEGSGFNIVLVKDGVLYTPDRGVLQGITRKSVFDAARACGIEVRLEFVPVELAYNADEIFMSTTAGGIMPITSLDGKPVNGGQVGPVTKAIWDTYWAMHYDPVYSFQIDYDGVQKEGVNGLGKL,0.5685
145,A,325,C,V,S,V145A,S325C,MTSMQKVFAGYAARQAVLEASNDPFAKGIAWIEGEYVPLAEARIPLLDQGFMRSDLTYDVPSVWDGRFFRLDDHLTRLEVSCDKLRLKVPLPRDEVKRILVDMVAKSGIRDAHVCLIVTRGLKGVRGTKPEDIVNRLYMFIQPYAWVMEPEMQHTGGSAIVARTVRRVPPGAIDPTIKNLQWGDLVRGMFEASDRGATYPFLTDGDAHLTEGSGFNIVLVKDGVLYTPDRGVLQGITRKSVFDAARACGIEVRLEFVPVELAYNADEIFMSTTAGGIMPITSLDGKPVNGGQVGPVTKAIWDTYWAMHYDPVYSFQIDYDGVQKCGVNGLGKL,0.5669
145,Y,199,F,V,Y,V145Y,Y199F,MTSMQKVFAGYAARQAVLEASNDPFAKGIAWIEGEYVPLAEARIPLLDQGFMRSDLTYDVPSVWDGRFFRLDDHLTRLEVSCDKLRLKVPLPRDEVKRILVDMVAKSGIRDAHVCLIVTRGLKGVRGTKPEDIVNRLYMFIQPYYWVMEPEMQHTGGSAIVARTVRRVPPGAIDPTIKNLQWGDLVRGMFEASDRGATFPFLTDGDAHLTEGSGFNIVLVKDGVLYTPDRGVLQGITRKSVFDAARACGIEVRLEFVPVELAYNADEIFMSTTAGGIMPITSLDGKPVNGGQVGPVTKAIWDTYWAMHYDPVYSFQIDYDGVQKSGVNGLGKL,0.5664
115,Y,312,N,C,V,C115Y,V312N,MTSMQKVFAGYAARQAVLEASNDPFAKGIAWIEGEYVPLAEARIPLLDQGFMRSDLTYDVPSVWDGRFFRLDDHLTRLEVSCDKLRLKVPLPRDEVKRILVDMVAKSGIRDAHVYLIVTRGLKGVRGTKPEDIVNRLYMFIQPYVWVMEPEMQHTGGSAIVARTVRRVPPGAIDPTIKNLQWGDLVRGMFEASDRGATYPFLTDGDAHLTEGSGFNIVLVKDGVLYTPDRGVLQGITRKSVFDAARACGIEVRLEFVPVELAYNADEIFMSTTAGGIMPITSLDGKPVNGGQVGPVTKAIWDTYWAMHYDPNYSFQIDYDGVQKSGVNGLGKL,0.5663
312,C,325,L,V,S,V312C,S325L,MTSMQKVFAGYAARQAVLEASNDPFAKGIAWIEGEYVPLAEARIPLLDQGFMRSDLTYDVPSVWDGRFFRLDDHLTRLEVSCDKLRLKVPLPRDEVKRILVDMVAKSGIRDAHVCLIVTRGLKGVRGTKPEDIVNRLYMFIQPYVWVMEPEMQHTGGSAIVARTVRRVPPGAIDPTIKNLQWGDLVRGMFEASDRGATYPFLTDGDAHLTEGSGFNIVLVKDGVLYTPDRGVLQGITRKSVFDAARACGIEVRLEFVPVELAYNADEIFMSTTAGGIMPITSLDGKPVNGGQVGPVTKAIWDTYWAMHYDPCYSFQIDYDGVQKLGVNGLGKL,0.565
115,Y,145,F,C,V,C115Y,V145F,MTSMQKVFAGYAARQAVLEASNDPFAKGIAWIEGEYVPLAEARIPLLDQGFMRSDLTYDVPSVWDGRFFRLDDHLTRLEVSCDKLRLKVPLPRDEVKRILVDMVAKSGIRDAHVYLIVTRGLKGVRGTKPEDIVNRLYMFIQPYFWVMEPEMQHTGGSAIVARTVRRVPPGAIDPTIKNLQWGDLVRGMFEASDRGATYPFLTDGDAHLTEGSGFNIVLVKDGVLYTPDRGVLQGITRKSVFDAARACGIEVRLEFVPVELAYNADEIFMSTTAGGIMPITSLDGKPVNGGQVGPVTKAIWDTYWAMHYDPVYSFQIDYDGVQKSGVNGLGKL,0.5646
113,F,312,E,H,V,H113F,V312E,MTSMQKVFAGYAARQAVLEASNDPFAKGIAWIEGEYVPLAEARIPLLDQGFMRSDLTYDVPSVWDGRFFRLDDHLTRLEVSCDKLRLKVPLPRDEVKRILVDMVAKSGIRDAFVCLIVTRGLKGVRGTKPEDIVNRLYMFIQPYVWVMEPEMQHTGGSAIVARTVRRVPPGAIDPTIKNLQWGDLVRGMFEASDRGATYPFLTDGDAHLTEGSGFNIVLVKDGVLYTPDRGVLQGITRKSVFDAARACGIEVRLEFVPVELAYNADEIFMSTTAGGIMPITSLDGKPVNGGQVGPVTKAIWDTYWAMHYDPEYSFQIDYDGVQKSGVNGLGKL,0.5634
147,I,312,E,V,V,V147I,V312E,MTSMQKVFAGYAARQAVLEASNDPFAKGIAWIEGEYVPLAEARIPLLDQGFMRSDLTYDVPSVWDGRFFRLDDHLTRLEVSCDKLRLKVPLPRDEVKRILVDMVAKSGIRDAHVCLIVTRGLKGVRGTKPEDIVNRLYMFIQPYVWIMEPEMQHTGGSAIVARTVRRVPPGAIDPTIKNLQWGDLVRGMFEASDRGATYPFLTDGDAHLTEGSGFNIVLVKDGVLYTPDRGVLQGITRKSVFDAARACGIEVRLEFVPVELAYNADEIFMSTTAGGIMPITSLDGKPVNGGQVGPVTKAIWDTYWAMHYDPEYSFQIDYDGVQKSGVNGLGKL,0.5634
115,W,145,C,C,V,C115W,V145C,MTSMQKVFAGYAARQAVLEASNDPFAKGIAWIEGEYVPLAEARIPLLDQGFMRSDLTYDVPSVWDGRFFRLDDHLTRLEVSCDKLRLKVPLPRDEVKRILVDMVAKSGIRDAHVWLIVTRGLKGVRGTKPEDIVNRLYMFIQPYCWVMEPEMQHTGGSAIVARTVRRVPPGAIDPTIKNLQWGDLVRGMFEASDRGATYPFLTDGDAHLTEGSGFNIVLVKDGVLYTPDRGVLQGITRKSVFDAARACGIEVRLEFVPVELAYNADEIFMSTTAGGIMPITSLDGKPVNGGQVGPVTKAIWDTYWAMHYDPVYSFQIDYDGVQKSGVNGLGKL,0.5627
312,N,325,A,V,S,V312N,S325A,MTSMQKVFAGYAARQAVLEASNDPFAKGIAWIEGEYVPLAEARIPLLDQGFMRSDLTYDVPSVWDGRFFRLDDHLTRLEVSCDKLRLKVPLPRDEVKRILVDMVAKSGIRDAHVCLIVTRGLKGVRGTKPEDIVNRLYMFIQPYVWVMEPEMQHTGGSAIVARTVRRVPPGAIDPTIKNLQWGDLVRGMFEASDRGATYPFLTDGDAHLTEGSGFNIVLVKDGVLYTPDRGVLQGITRKSVFDAARACGIEVRLEFVPVELAYNADEIFMSTTAGGIMPITSLDGKPVNGGQVGPVTKAIWDTYWAMHYDPNYSFQIDYDGVQKAGVNGLGKL,0.5618
115,Y,325,H,C,S,C115Y,S325H,MTSMQKVFAGYAARQAVLEASNDPFAKGIAWIEGEYVPLAEARIPLLDQGFMRSDLTYDVPSVWDGRFFRLDDHLTRLEVSCDKLRLKVPLPRDEVKRILVDMVAKSGIRDAHVYLIVTRGLKGVRGTKPEDIVNRLYMFIQPYVWVMEPEMQHTGGSAIVARTVRRVPPGAIDPTIKNLQWGDLVRGMFEASDRGATYPFLTDGDAHLTEGSGFNIVLVKDGVLYTPDRGVLQGITRKSVFDAARACGIEVRLEFVPVELAYNADEIFMSTTAGGIMPITSLDGKPVNGGQVGPVTKAIWDTYWAMHYDPVYSFQIDYDGVQKHGVNGLGKL,0.5613
113,F,272,S,H,T,H113F,T272S,MTSMQKVFAGYAARQAVLEASNDPFAKGIAWIEGEYVPLAEARIPLLDQGFMRSDLTYDVPSVWDGRFFRLDDHLTRLEVSCDKLRLKVPLPRDEVKRILVDMVAKSGIRDAFVCLIVTRGLKGVRGTKPEDIVNRLYMFIQPYVWVMEPEMQHTGGSAIVARTVRRVPPGAIDPTIKNLQWGDLVRGMFEASDRGATYPFLTDGDAHLTEGSGFNIVLVKDGVLYTPDRGVLQGITRKSVFDAARACGIEVRLEFVPVELAYNADEIFMSSTAGGIMPITSLDGKPVNGGQVGPVTKAIWDTYWAMHYDPVYSFQIDYDGVQKSGVNGLGKL,0.5611
312,L,325,D,V,S,V312L,S325D,MTSMQKVFAGYAARQAVLEASNDPFAKGIAWIEGEYVPLAEARIPLLDQGFMRSDLTYDVPSVWDGRFFRLDDHLTRLEVSCDKLRLKVPLPRDEVKRILVDMVAKSGIRDAHVCLIVTRGLKGVRGTKPEDIVNRLYMFIQPYVWVMEPEMQHTGGSAIVARTVRRVPPGAIDPTIKNLQWGDLVRGMFEASDRGATYPFLTDGDAHLTEGSGFNIVLVKDGVLYTPDRGVLQGITRKSVFDAARACGIEVRLEFVPVELAYNADEIFMSTTAGGIMPITSLDGKPVNGGQVGPVTKAIWDTYWAMHYDPLYSFQIDYDGVQKDGVNGLGKL,0.561
312,Q,325,A,V,S,V312Q,S325A,MTSMQKVFAGYAARQAVLEASNDPFAKGIAWIEGEYVPLAEARIPLLDQGFMRSDLTYDVPSVWDGRFFRLDDHLTRLEVSCDKLRLKVPLPRDEVKRILVDMVAKSGIRDAHVCLIVTRGLKGVRGTKPEDIVNRLYMFIQPYVWVMEPEMQHTGGSAIVARTVRRVPPGAIDPTIKNLQWGDLVRGMFEASDRGATYPFLTDGDAHLTEGSGFNIVLVKDGVLYTPDRGVLQGITRKSVFDAARACGIEVRLEFVPVELAYNADEIFMSTTAGGIMPITSLDGKPVNGGQVGPVTKAIWDTYWAMHYDPQYSFQIDYDGVQKAGVNGLGKL,0.5607
113,C,145,C,H,V,H113C,V145C,MTSMQKVFAGYAARQAVLEASNDPFAKGIAWIEGEYVPLAEARIPLLDQGFMRSDLTYDVPSVWDGRFFRLDDHLTRLEVSCDKLRLKVPLPRDEVKRILVDMVAKSGIRDACVCLIVTRGLKGVRGTKPEDIVNRLYMFIQPYCWVMEPEMQHTGGSAIVARTVRRVPPGAIDPTIKNLQWGDLVRGMFEASDRGATYPFLTDGDAHLTEGSGFNIVLVKDGVLYTPDRGVLQGITRKSVFDAARACGIEVRLEFVPVELAYNADEIFMSTTAGGIMPITSLDGKPVNGGQVGPVTKAIWDTYWAMHYDPVYSFQIDYDGVQKSGVNGLGKL,0.5606
147,L,312,E,V,V,V147L,V312E,MTSMQKVFAGYAARQAVLEASNDPFAKGIAWIEGEYVPLAEARIPLLDQGFMRSDLTYDVPSVWDGRFFRLDDHLTRLEVSCDKLRLKVPLPRDEVKRILVDMVAKSGIRDAHVCLIVTRGLKGVRGTKPEDIVNRLYMFIQPYVWLMEPEMQHTGGSAIVARTVRRVPPGAIDPTIKNLQWGDLVRGMFEASDRGATYPFLTDGDAHLTEGSGFNIVLVKDGVLYTPDRGVLQGITRKSVFDAARACGIEVRLEFVPVELAYNADEIFMSTTAGGIMPITSLDGKPVNGGQVGPVTKAIWDTYWAMHYDPEYSFQIDYDGVQKSGVNGLGKL,0.5604
147,L,325,A,V,S,V147L,S325A,MTSMQKVFAGYAARQAVLEASNDPFAKGIAWIEGEYVPLAEARIPLLDQGFMRSDLTYDVPSVWDGRFFRLDDHLTRLEVSCDKLRLKVPLPRDEVKRILVDMVAKSGIRDAHVCLIVTRGLKGVRGTKPEDIVNRLYMFIQPYVWLMEPEMQHTGGSAIVARTVRRVPPGAIDPTIKNLQWGDLVRGMFEASDRGATYPFLTDGDAHLTEGSGFNIVLVKDGVLYTPDRGVLQGITRKSVFDAARACGIEVRLEFVPVELAYNADEIFMSTTAGGIMPITSLDGKPVNGGQVGPVTKAIWDTYWAMHYDPVYSFQIDYDGVQKAGVNGLGKL,0.5601
115,Y,147,L,C,V,C115Y,V147L,MTSMQKVFAGYAARQAVLEASNDPFAKGIAWIEGEYVPLAEARIPLLDQGFMRSDLTYDVPSVWDGRFFRLDDHLTRLEVSCDKLRLKVPLPRDEVKRILVDMVAKSGIRDAHVYLIVTRGLKGVRGTKPEDIVNRLYMFIQPYVWLMEPEMQHTGGSAIVARTVRRVPPGAIDPTIKNLQWGDLVRGMFEASDRGATYPFLTDGDAHLTEGSGFNIVLVKDGVLYTPDRGVLQGITRKSVFDAARACGIEVRLEFVPVELAYNADEIFMSTTAGGIMPITSLDGKPVNGGQVGPVTKAIWDTYWAMHYDPVYSFQIDYDGVQKSGVNGLGKL,0.5594
113,F,312,H,H,V,H113F,V312H,MTSMQKVFAGYAARQAVLEASNDPFAKGIAWIEGEYVPLAEARIPLLDQGFMRSDLTYDVPSVWDGRFFRLDDHLTRLEVSCDKLRLKVPLPRDEVKRILVDMVAKSGIRDAFVCLIVTRGLKGVRGTKPEDIVNRLYMFIQPYVWVMEPEMQHTGGSAIVARTVRRVPPGAIDPTIKNLQWGDLVRGMFEASDRGATYPFLTDGDAHLTEGSGFNIVLVKDGVLYTPDRGVLQGITRKSVFDAARACGIEVRLEFVPVELAYNADEIFMSTTAGGIMPITSLDGKPVNGGQVGPVTKAIWDTYWAMHYDPHYSFQIDYDGVQKSGVNGLGKL,0.5584
115,Y,325,G,C,S,C115Y,S325G,MTSMQKVFAGYAARQAVLEASNDPFAKGIAWIEGEYVPLAEARIPLLDQGFMRSDLTYDVPSVWDGRFFRLDDHLTRLEVSCDKLRLKVPLPRDEVKRILVDMVAKSGIRDAHVYLIVTRGLKGVRGTKPEDIVNRLYMFIQPYVWVMEPEMQHTGGSAIVARTVRRVPPGAIDPTIKNLQWGDLVRGMFEASDRGATYPFLTDGDAHLTEGSGFNIVLVKDGVLYTPDRGVLQGITRKSVFDAARACGIEVRLEFVPVELAYNADEIFMSTTAGGIMPITSLDGKPVNGGQVGPVTKAIWDTYWAMHYDPVYSFQIDYDGVQKGGVNGLGKL,0.5582
312,S,325,F,V,S,V312S,S325F,MTSMQKVFAGYAARQAVLEASNDPFAKGIAWIEGEYVPLAEARIPLLDQGFMRSDLTYDVPSVWDGRFFRLDDHLTRLEVSCDKLRLKVPLPRDEVKRILVDMVAKSGIRDAHVCLIVTRGLKGVRGTKPEDIVNRLYMFIQPYVWVMEPEMQHTGGSAIVARTVRRVPPGAIDPTIKNLQWGDLVRGMFEASDRGATYPFLTDGDAHLTEGSGFNIVLVKDGVLYTPDRGVLQGITRKSVFDAARACGIEVRLEFVPVELAYNADEIFMSTTAGGIMPITSLDGKPVNGGQVGPVTKAIWDTYWAMHYDPSYSFQIDYDGVQKFGVNGLGKL,0.5582
145,I,312,E,V,V,V145I,V312E,MTSMQKVFAGYAARQAVLEASNDPFAKGIAWIEGEYVPLAEARIPLLDQGFMRSDLTYDVPSVWDGRFFRLDDHLTRLEVSCDKLRLKVPLPRDEVKRILVDMVAKSGIRDAHVCLIVTRGLKGVRGTKPEDIVNRLYMFIQPYIWVMEPEMQHTGGSAIVARTVRRVPPGAIDPTIKNLQWGDLVRGMFEASDRGATYPFLTDGDAHLTEGSGFNIVLVKDGVLYTPDRGVLQGITRKSVFDAARACGIEVRLEFVPVELAYNADEIFMSTTAGGIMPITSLDGKPVNGGQVGPVTKAIWDTYWAMHYDPEYSFQIDYDGVQKSGVNGLGKL,0.5581
113,C,145,A,H,V,H113C,V145A,MTSMQKVFAGYAARQAVLEASNDPFAKGIAWIEGEYVPLAEARIPLLDQGFMRSDLTYDVPSVWDGRFFRLDDHLTRLEVSCDKLRLKVPLPRDEVKRILVDMVAKSGIRDACVCLIVTRGLKGVRGTKPEDIVNRLYMFIQPYAWVMEPEMQHTGGSAIVARTVRRVPPGAIDPTIKNLQWGDLVRGMFEASDRGATYPFLTDGDAHLTEGSGFNIVLVKDGVLYTPDRGVLQGITRKSVFDAARACGIEVRLEFVPVELAYNADEIFMSTTAGGIMPITSLDGKPVNGGQVGPVTKAIWDTYWAMHYDPVYSFQIDYDGVQKSGVNGLGKL,0.5574
113,F,312,A,H,V,H113F,V312A,MTSMQKVFAGYAARQAVLEASNDPFAKGIAWIEGEYVPLAEARIPLLDQGFMRSDLTYDVPSVWDGRFFRLDDHLTRLEVSCDKLRLKVPLPRDEVKRILVDMVAKSGIRDAFVCLIVTRGLKGVRGTKPEDIVNRLYMFIQPYVWVMEPEMQHTGGSAIVARTVRRVPPGAIDPTIKNLQWGDLVRGMFEASDRGATYPFLTDGDAHLTEGSGFNIVLVKDGVLYTPDRGVLQGITRKSVFDAARACGIEVRLEFVPVELAYNADEIFMSTTAGGIMPITSLDGKPVNGGQVGPVTKAIWDTYWAMHYDPAYSFQIDYDGVQKSGVNGLGKL,0.5574
115,Y,325,C,C,S,C115Y,S325C,MTSMQKVFAGYAARQAVLEASNDPFAKGIAWIEGEYVPLAEARIPLLDQGFMRSDLTYDVPSVWDGRFFRLDDHLTRLEVSCDKLRLKVPLPRDEVKRILVDMVAKSGIRDAHVYLIVTRGLKGVRGTKPEDIVNRLYMFIQPYVWVMEPEMQHTGGSAIVARTVRRVPPGAIDPTIKNLQWGDLVRGMFEASDRGATYPFLTDGDAHLTEGSGFNIVLVKDGVLYTPDRGVLQGITRKSVFDAARACGIEVRLEFVPVELAYNADEIFMSTTAGGIMPITSLDGKPVNGGQVGPVTKAIWDTYWAMHYDPVYSFQIDYDGVQKCGVNGLGKL,0.5574
272,S,312,S,T,V,T272S,V312S,MTSMQKVFAGYAARQAVLEASNDPFAKGIAWIEGEYVPLAEARIPLLDQGFMRSDLTYDVPSVWDGRFFRLDDHLTRLEVSCDKLRLKVPLPRDEVKRILVDMVAKSGIRDAHVCLIVTRGLKGVRGTKPEDIVNRLYMFIQPYVWVMEPEMQHTGGSAIVARTVRRVPPGAIDPTIKNLQWGDLVRGMFEASDRGATYPFLTDGDAHLTEGSGFNIVLVKDGVLYTPDRGVLQGITRKSVFDAARACGIEVRLEFVPVELAYNADEIFMSSTAGGIMPITSLDGKPVNGGQVGPVTKAIWDTYWAMHYDPSYSFQIDYDGVQKSGVNGLGKL,0.557
113,F,145,F,H,V,H113F,V145F,MTSMQKVFAGYAARQAVLEASNDPFAKGIAWIEGEYVPLAEARIPLLDQGFMRSDLTYDVPSVWDGRFFRLDDHLTRLEVSCDKLRLKVPLPRDEVKRILVDMVAKSGIRDAFVCLIVTRGLKGVRGTKPEDIVNRLYMFIQPYFWVMEPEMQHTGGSAIVARTVRRVPPGAIDPTIKNLQWGDLVRGMFEASDRGATYPFLTDGDAHLTEGSGFNIVLVKDGVLYTPDRGVLQGITRKSVFDAARACGIEVRLEFVPVELAYNADEIFMSTTAGGIMPITSLDGKPVNGGQVGPVTKAIWDTYWAMHYDPVYSFQIDYDGVQKSGVNGLGKL,0.5569
113,F,325,G,H,S,H113F,S325G,MTSMQKVFAGYAARQAVLEASNDPFAKGIAWIEGEYVPLAEARIPLLDQGFMRSDLTYDVPSVWDGRFFRLDDHLTRLEVSCDKLRLKVPLPRDEVKRILVDMVAKSGIRDAFVCLIVTRGLKGVRGTKPEDIVNRLYMFIQPYVWVMEPEMQHTGGSAIVARTVRRVPPGAIDPTIKNLQWGDLVRGMFEASDRGATYPFLTDGDAHLTEGSGFNIVLVKDGVLYTPDRGVLQGITRKSVFDAARACGIEVRLEFVPVELAYNADEIFMSTTAGGIMPITSLDGKPVNGGQVGPVTKAIWDTYWAMHYDPVYSFQIDYDGVQKGGVNGLGKL,0.5557
145,C,325,L,V,S,V145C,S325L,MTSMQKVFAGYAARQAVLEASNDPFAKGIAWIEGEYVPLAEARIPLLDQGFMRSDLTYDVPSVWDGRFFRLDDHLTRLEVSCDKLRLKVPLPRDEVKRILVDMVAKSGIRDAHVCLIVTRGLKGVRGTKPEDIVNRLYMFIQPYCWVMEPEMQHTGGSAIVARTVRRVPPGAIDPTIKNLQWGDLVRGMFEASDRGATYPFLTDGDAHLTEGSGFNIVLVKDGVLYTPDRGVLQGITRKSVFDAARACGIEVRLEFVPVELAYNADEIFMSTTAGGIMPITSLDGKPVNGGQVGPVTKAIWDTYWAMHYDPVYSFQIDYDGVQKLGVNGLGKL,0.5551
115,Y,312,S,C,V,C115Y,V312S,MTSMQKVFAGYAARQAVLEASNDPFAKGIAWIEGEYVPLAEARIPLLDQGFMRSDLTYDVPSVWDGRFFRLDDHLTRLEVSCDKLRLKVPLPRDEVKRILVDMVAKSGIRDAHVYLIVTRGLKGVRGTKPEDIVNRLYMFIQPYVWVMEPEMQHTGGSAIVARTVRRVPPGAIDPTIKNLQWGDLVRGMFEASDRGATYPFLTDGDAHLTEGSGFNIVLVKDGVLYTPDRGVLQGITRKSVFDAARACGIEVRLEFVPVELAYNADEIFMSTTAGGIMPITSLDGKPVNGGQVGPVTKAIWDTYWAMHYDPSYSFQIDYDGVQKSGVNGLGKL,0.5549
115,Y,325,L,C,S,C115Y,S325L,MTSMQKVFAGYAARQAVLEASNDPFAKGIAWIEGEYVPLAEARIPLLDQGFMRSDLTYDVPSVWDGRFFRLDDHLTRLEVSCDKLRLKVPLPRDEVKRILVDMVAKSGIRDAHVYLIVTRGLKGVRGTKPEDIVNRLYMFIQPYVWVMEPEMQHTGGSAIVARTVRRVPPGAIDPTIKNLQWGDLVRGMFEASDRGATYPFLTDGDAHLTEGSGFNIVLVKDGVLYTPDRGVLQGITRKSVFDAARACGIEVRLEFVPVELAYNADEIFMSTTAGGIMPITSLDGKPVNGGQVGPVTKAIWDTYWAMHYDPVYSFQIDYDGVQKLGVNGLGKL,0.5547
312,A,325,G,V,S,V312A,S325G,MTSMQKVFAGYAARQAVLEASNDPFAKGIAWIEGEYVPLAEARIPLLDQGFMRSDLTYDVPSVWDGRFFRLDDHLTRLEVSCDKLRLKVPLPRDEVKRILVDMVAKSGIRDAHVCLIVTRGLKGVRGTKPEDIVNRLYMFIQPYVWVMEPEMQHTGGSAIVARTVRRVPPGAIDPTIKNLQWGDLVRGMFEASDRGATYPFLTDGDAHLTEGSGFNIVLVKDGVLYTPDRGVLQGITRKSVFDAARACGIEVRLEFVPVELAYNADEIFMSTTAGGIMPITSLDGKPVNGGQVGPVTKAIWDTYWAMHYDPAYSFQIDYDGVQKGGVNGLGKL,0.5534
147,I,325,A,V,S,V147I,S325A,MTSMQKVFAGYAARQAVLEASNDPFAKGIAWIEGEYVPLAEARIPLLDQGFMRSDLTYDVPSVWDGRFFRLDDHLTRLEVSCDKLRLKVPLPRDEVKRILVDMVAKSGIRDAHVCLIVTRGLKGVRGTKPEDIVNRLYMFIQPYVWIMEPEMQHTGGSAIVARTVRRVPPGAIDPTIKNLQWGDLVRGMFEASDRGATYPFLTDGDAHLTEGSGFNIVLVKDGVLYTPDRGVLQGITRKSVFDAARACGIEVRLEFVPVELAYNADEIFMSTTAGGIMPITSLDGKPVNGGQVGPVTKAIWDTYWAMHYDPVYSFQIDYDGVQKAGVNGLGKL,0.553
113,F,145,A,H,V,H113F,V145A,MTSMQKVFAGYAARQAVLEASNDPFAKGIAWIEGEYVPLAEARIPLLDQGFMRSDLTYDVPSVWDGRFFRLDDHLTRLEVSCDKLRLKVPLPRDEVKRILVDMVAKSGIRDAFVCLIVTRGLKGVRGTKPEDIVNRLYMFIQPYAWVMEPEMQHTGGSAIVARTVRRVPPGAIDPTIKNLQWGDLVRGMFEASDRGATYPFLTDGDAHLTEGSGFNIVLVKDGVLYTPDRGVLQGITRKSVFDAARACGIEVRLEFVPVELAYNADEIFMSTTAGGIMPITSLDGKPVNGGQVGPVTKAIWDTYWAMHYDPVYSFQIDYDGVQKSGVNGLGKL,0.5526
145,A,325,G,V,S,V145A,S325G,MTSMQKVFAGYAARQAVLEASNDPFAKGIAWIEGEYVPLAEARIPLLDQGFMRSDLTYDVPSVWDGRFFRLDDHLTRLEVSCDKLRLKVPLPRDEVKRILVDMVAKSGIRDAHVCLIVTRGLKGVRGTKPEDIVNRLYMFIQPYAWVMEPEMQHTGGSAIVARTVRRVPPGAIDPTIKNLQWGDLVRGMFEASDRGATYPFLTDGDAHLTEGSGFNIVLVKDGVLYTPDRGVLQGITRKSVFDAARACGIEVRLEFVPVELAYNADEIFMSTTAGGIMPITSLDGKPVNGGQVGPVTKAIWDTYWAMHYDPVYSFQIDYDGVQKGGVNGLGKL,0.5525
312,K,325,C,V,S,V312K,S325C,MTSMQKVFAGYAARQAVLEASNDPFAKGIAWIEGEYVPLAEARIPLLDQGFMRSDLTYDVPSVWDGRFFRLDDHLTRLEVSCDKLRLKVPLPRDEVKRILVDMVAKSGIRDAHVCLIVTRGLKGVRGTKPEDIVNRLYMFIQPYVWVMEPEMQHTGGSAIVARTVRRVPPGAIDPTIKNLQWGDLVRGMFEASDRGATYPFLTDGDAHLTEGSGFNIVLVKDGVLYTPDRGVLQGITRKSVFDAARACGIEVRLEFVPVELAYNADEIFMSTTAGGIMPITSLDGKPVNGGQVGPVTKAIWDTYWAMHYDPKYSFQIDYDGVQKCGVNGLGKL,0.5523
115,W,147,I,C,V,C115W,V147I,MTSMQKVFAGYAARQAVLEASNDPFAKGIAWIEGEYVPLAEARIPLLDQGFMRSDLTYDVPSVWDGRFFRLDDHLTRLEVSCDKLRLKVPLPRDEVKRILVDMVAKSGIRDAHVWLIVTRGLKGVRGTKPEDIVNRLYMFIQPYVWIMEPEMQHTGGSAIVARTVRRVPPGAIDPTIKNLQWGDLVRGMFEASDRGATYPFLTDGDAHLTEGSGFNIVLVKDGVLYTPDRGVLQGITRKSVFDAARACGIEVRLEFVPVELAYNADEIFMSTTAGGIMPITSLDGKPVNGGQVGPVTKAIWDTYWAMHYDPVYSFQIDYDGVQKSGVNGLGKL,0.5513
145,C,325,V,V,S,V145C,S325V,MTSMQKVFAGYAARQAVLEASNDPFAKGIAWIEGEYVPLAEARIPLLDQGFMRSDLTYDVPSVWDGRFFRLDDHLTRLEVSCDKLRLKVPLPRDEVKRILVDMVAKSGIRDAHVCLIVTRGLKGVRGTKPEDIVNRLYMFIQPYCWVMEPEMQHTGGSAIVARTVRRVPPGAIDPTIKNLQWGDLVRGMFEASDRGATYPFLTDGDAHLTEGSGFNIVLVKDGVLYTPDRGVLQGITRKSVFDAARACGIEVRLEFVPVELAYNADEIFMSTTAGGIMPITSLDGKPVNGGQVGPVTKAIWDTYWAMHYDPVYSFQIDYDGVQKVGVNGLGKL,0.5512
312,F,325,D,V,S,V312F,S325D,MTSMQKVFAGYAARQAVLEASNDPFAKGIAWIEGEYVPLAEARIPLLDQGFMRSDLTYDVPSVWDGRFFRLDDHLTRLEVSCDKLRLKVPLPRDEVKRILVDMVAKSGIRDAHVCLIVTRGLKGVRGTKPEDIVNRLYMFIQPYVWVMEPEMQHTGGSAIVARTVRRVPPGAIDPTIKNLQWGDLVRGMFEASDRGATYPFLTDGDAHLTEGSGFNIVLVKDGVLYTPDRGVLQGITRKSVFDAARACGIEVRLEFVPVELAYNADEIFMSTTAGGIMPITSLDGKPVNGGQVGPVTKAIWDTYWAMHYDPFYSFQIDYDGVQKDGVNGLGKL,0.5508
145,C,312,T,V,V,V145C,V312T,MTSMQKVFAGYAARQAVLEASNDPFAKGIAWIEGEYVPLAEARIPLLDQGFMRSDLTYDVPSVWDGRFFRLDDHLTRLEVSCDKLRLKVPLPRDEVKRILVDMVAKSGIRDAHVCLIVTRGLKGVRGTKPEDIVNRLYMFIQPYCWVMEPEMQHTGGSAIVARTVRRVPPGAIDPTIKNLQWGDLVRGMFEASDRGATYPFLTDGDAHLTEGSGFNIVLVKDGVLYTPDRGVLQGITRKSVFDAARACGIEVRLEFVPVELAYNADEIFMSTTAGGIMPITSLDGKPVNGGQVGPVTKAIWDTYWAMHYDPTYSFQIDYDGVQKSGVNGLGKL,0.5505
