Pos1,AA1,Pos2,AA2,Pos3,AA3,Original_AA1,Original_AA2,Original_AA3,Mutation1,Mutation2,Mutation3,Mutated_Sequence,Pred_Mean
113,F,145,C,147,I,H,V,V,H113F,V145C,V147I,MTSMQKVFAGYAARQAVLEASNDPFAKGIAWIEGEYVPLAEARIPLLDQGFMRSDLTYDVPSVWDGRFFRLDDHLTRLEVSCDKLRLKVPLPRDEVKRILVDMVAKSGIRDAFVCLIVTRGLKGVRGTKPEDIVNRLYMFIQPYCWIMEPEMQHTGGSAIVARTVRRVPPGAIDPTIKNLQWGDLVRGMFEASDRGATYPFLTDGDAHLTEGSGFNIVLVKDGVLYTPDRGVLQGITRKSVFDAARACGIEVRLEFVPVELAYNADEIFMSTTAGGIMPITSLDGKPVNGGQVGPVTKAIWDTYWAMHYDPVYSFQIDYDGVQKSGVNGLGKL,0.6376
113,F,145,N,272,S,H,V,T,H113F,V145N,T272S,MTSMQKVFAGYAARQAVLEASNDPFAKGIAWIEGEYVPLAEARIPLLDQGFMRSDLTYDVPSVWDGRFFRLDDHLTRLEVSCDKLRLKVPLPRDEVKRILVDMVAKSGIRDAFVCLIVTRGLKGVRGTKPEDIVNRLYMFIQPYNWVMEPEMQHTGGSAIVARTVRRVPPGAIDPTIKNLQWGDLVRGMFEASDRGATYPFLTDGDAHLTEGSGFNIVLVKDGVLYTPDRGVLQGITRKSVFDAARACGIEVRLEFVPVELAYNADEIFMSSTAGGIMPITSLDGKPVNGGQVGPVTKAIWDTYWAMHYDPVYSFQIDYDGVQKSGVNGLGKL,0.6361
113,F,145,C,325,C,H,V,S,H113F,V145C,S325C,MTSMQKVFAGYAARQAVLEASNDPFAKGIAWIEGEYVPLAEARIPLLDQGFMRSDLTYDVPSVWDGRFFRLDDHLTRLEVSCDKLRLKVPLPRDEVKRILVDMVAKSGIRDAFVCLIVTRGLKGVRGTKPEDIVNRLYMFIQPYCWVMEPEMQHTGGSAIVARTVRRVPPGAIDPTIKNLQWGDLVRGMFEASDRGATYPFLTDGDAHLTEGSGFNIVLVKDGVLYTPDRGVLQGITRKSVFDAARACGIEVRLEFVPVELAYNADEIFMSTTAGGIMPITSLDGKPVNGGQVGPVTKAIWDTYWAMHYDPVYSFQIDYDGVQKCGVNGLGKL,0.6247
113,W,145,C,272,S,H,V,T,H113W,V145C,T272S,MTSMQKVFAGYAARQAVLEASNDPFAKGIAWIEGEYVPLAEARIPLLDQGFMRSDLTYDVPSVWDGRFFRLDDHLTRLEVSCDKLRLKVPLPRDEVKRILVDMVAKSGIRDAWVCLIVTRGLKGVRGTKPEDIVNRLYMFIQPYCWVMEPEMQHTGGSAIVARTVRRVPPGAIDPTIKNLQWGDLVRGMFEASDRGATYPFLTDGDAHLTEGSGFNIVLVKDGVLYTPDRGVLQGITRKSVFDAARACGIEVRLEFVPVELAYNADEIFMSSTAGGIMPITSLDGKPVNGGQVGPVTKAIWDTYWAMHYDPVYSFQIDYDGVQKSGVNGLGKL,0.6223
113,F,145,C,272,S,H,V,T,H113F,V145C,T272S,MTSMQKVFAGYAARQAVLEASNDPFAKGIAWIEGEYVPLAEARIPLLDQGFMRSDLTYDVPSVWDGRFFRLDDHLTRLEVSCDKLRLKVPLPRDEVKRILVDMVAKSGIRDAFVCLIVTRGLKGVRGTKPEDIVNRLYMFIQPYCWVMEPEMQHTGGSAIVARTVRRVPPGAIDPTIKNLQWGDLVRGMFEASDRGATYPFLTDGDAHLTEGSGFNIVLVKDGVLYTPDRGVLQGITRKSVFDAARACGIEVRLEFVPVELAYNADEIFMSSTAGGIMPITSLDGKPVNGGQVGPVTKAIWDTYWAMHYDPVYSFQIDYDGVQKSGVNGLGKL,0.6191
113,F,145,C,199,F,H,V,Y,H113F,V145C,Y199F,MTSMQKVFAGYAARQAVLEASNDPFAKGIAWIEGEYVPLAEARIPLLDQGFMRSDLTYDVPSVWDGRFFRLDDHLTRLEVSCDKLRLKVPLPRDEVKRILVDMVAKSGIRDAFVCLIVTRGLKGVRGTKPEDIVNRLYMFIQPYCWVMEPEMQHTGGSAIVARTVRRVPPGAIDPTIKNLQWGDLVRGMFEASDRGATFPFLTDGDAHLTEGSGFNIVLVKDGVLYTPDRGVLQGITRKSVFDAARACGIEVRLEFVPVELAYNADEIFMSTTAGGIMPITSLDGKPVNGGQVGPVTKAIWDTYWAMHYDPVYSFQIDYDGVQKSGVNGLGKL,0.6168
113,F,145,S,325,C,H,V,S,H113F,V145S,S325C,MTSMQKVFAGYAARQAVLEASNDPFAKGIAWIEGEYVPLAEARIPLLDQGFMRSDLTYDVPSVWDGRFFRLDDHLTRLEVSCDKLRLKVPLPRDEVKRILVDMVAKSGIRDAFVCLIVTRGLKGVRGTKPEDIVNRLYMFIQPYSWVMEPEMQHTGGSAIVARTVRRVPPGAIDPTIKNLQWGDLVRGMFEASDRGATYPFLTDGDAHLTEGSGFNIVLVKDGVLYTPDRGVLQGITRKSVFDAARACGIEVRLEFVPVELAYNADEIFMSTTAGGIMPITSLDGKPVNGGQVGPVTKAIWDTYWAMHYDPVYSFQIDYDGVQKCGVNGLGKL,0.6158
113,F,145,N,199,F,H,V,Y,H113F,V145N,Y199F,MTSMQKVFAGYAARQAVLEASNDPFAKGIAWIEGEYVPLAEARIPLLDQGFMRSDLTYDVPSVWDGRFFRLDDHLTRLEVSCDKLRLKVPLPRDEVKRILVDMVAKSGIRDAFVCLIVTRGLKGVRGTKPEDIVNRLYMFIQPYNWVMEPEMQHTGGSAIVARTVRRVPPGAIDPTIKNLQWGDLVRGMFEASDRGATFPFLTDGDAHLTEGSGFNIVLVKDGVLYTPDRGVLQGITRKSVFDAARACGIEVRLEFVPVELAYNADEIFMSTTAGGIMPITSLDGKPVNGGQVGPVTKAIWDTYWAMHYDPVYSFQIDYDGVQKSGVNGLGKL,0.6016
113,F,145,C,325,V,H,V,S,H113F,V145C,S325V,MTSMQKVFAGYAARQAVLEASNDPFAKGIAWIEGEYVPLAEARIPLLDQGFMRSDLTYDVPSVWDGRFFRLDDHLTRLEVSCDKLRLKVPLPRDEVKRILVDMVAKSGIRDAFVCLIVTRGLKGVRGTKPEDIVNRLYMFIQPYCWVMEPEMQHTGGSAIVARTVRRVPPGAIDPTIKNLQWGDLVRGMFEASDRGATYPFLTDGDAHLTEGSGFNIVLVKDGVLYTPDRGVLQGITRKSVFDAARACGIEVRLEFVPVELAYNADEIFMSTTAGGIMPITSLDGKPVNGGQVGPVTKAIWDTYWAMHYDPVYSFQIDYDGVQKVGVNGLGKL,0.5982
113,F,145,C,325,G,H,V,S,H113F,V145C,S325G,MTSMQKVFAGYAARQAVLEASNDPFAKGIAWIEGEYVPLAEARIPLLDQGFMRSDLTYDVPSVWDGRFFRLDDHLTRLEVSCDKLRLKVPLPRDEVKRILVDMVAKSGIRDAFVCLIVTRGLKGVRGTKPEDIVNRLYMFIQPYCWVMEPEMQHTGGSAIVARTVRRVPPGAIDPTIKNLQWGDLVRGMFEASDRGATYPFLTDGDAHLTEGSGFNIVLVKDGVLYTPDRGVLQGITRKSVFDAARACGIEVRLEFVPVELAYNADEIFMSTTAGGIMPITSLDGKPVNGGQVGPVTKAIWDTYWAMHYDPVYSFQIDYDGVQKGGVNGLGKL,0.5952
113,F,145,C,325,T,H,V,S,H113F,V145C,S325T,MTSMQKVFAGYAARQAVLEASNDPFAKGIAWIEGEYVPLAEARIPLLDQGFMRSDLTYDVPSVWDGRFFRLDDHLTRLEVSCDKLRLKVPLPRDEVKRILVDMVAKSGIRDAFVCLIVTRGLKGVRGTKPEDIVNRLYMFIQPYCWVMEPEMQHTGGSAIVARTVRRVPPGAIDPTIKNLQWGDLVRGMFEASDRGATYPFLTDGDAHLTEGSGFNIVLVKDGVLYTPDRGVLQGITRKSVFDAARACGIEVRLEFVPVELAYNADEIFMSTTAGGIMPITSLDGKPVNGGQVGPVTKAIWDTYWAMHYDPVYSFQIDYDGVQKTGVNGLGKL,0.5948
113,F,145,C,325,D,H,V,S,H113F,V145C,S325D,MTSMQKVFAGYAARQAVLEASNDPFAKGIAWIEGEYVPLAEARIPLLDQGFMRSDLTYDVPSVWDGRFFRLDDHLTRLEVSCDKLRLKVPLPRDEVKRILVDMVAKSGIRDAFVCLIVTRGLKGVRGTKPEDIVNRLYMFIQPYCWVMEPEMQHTGGSAIVARTVRRVPPGAIDPTIKNLQWGDLVRGMFEASDRGATYPFLTDGDAHLTEGSGFNIVLVKDGVLYTPDRGVLQGITRKSVFDAARACGIEVRLEFVPVELAYNADEIFMSTTAGGIMPITSLDGKPVNGGQVGPVTKAIWDTYWAMHYDPVYSFQIDYDGVQKDGVNGLGKL,0.5874
113,W,145,C,199,F,H,V,Y,H113W,V145C,Y199F,MTSMQKVFAGYAARQAVLEASNDPFAKGIAWIEGEYVPLAEARIPLLDQGFMRSDLTYDVPSVWDGRFFRLDDHLTRLEVSCDKLRLKVPLPRDEVKRILVDMVAKSGIRDAWVCLIVTRGLKGVRGTKPEDIVNRLYMFIQPYCWVMEPEMQHTGGSAIVARTVRRVPPGAIDPTIKNLQWGDLVRGMFEASDRGATFPFLTDGDAHLTEGSGFNIVLVKDGVLYTPDRGVLQGITRKSVFDAARACGIEVRLEFVPVELAYNADEIFMSTTAGGIMPITSLDGKPVNGGQVGPVTKAIWDTYWAMHYDPVYSFQIDYDGVQKSGVNGLGKL,0.5866
113,W,145,C,325,A,H,V,S,H113W,V145C,S325A,MTSMQKVFAGYAARQAVLEASNDPFAKGIAWIEGEYVPLAEARIPLLDQGFMRSDLTYDVPSVWDGRFFRLDDHLTRLEVSCDKLRLKVPLPRDEVKRILVDMVAKSGIRDAWVCLIVTRGLKGVRGTKPEDIVNRLYMFIQPYCWVMEPEMQHTGGSAIVARTVRRVPPGAIDPTIKNLQWGDLVRGMFEASDRGATYPFLTDGDAHLTEGSGFNIVLVKDGVLYTPDRGVLQGITRKSVFDAARACGIEVRLEFVPVELAYNADEIFMSTTAGGIMPITSLDGKPVNGGQVGPVTKAIWDTYWAMHYDPVYSFQIDYDGVQKAGVNGLGKL,0.5833
113,F,145,N,312,C,H,V,V,H113F,V145N,V312C,MTSMQKVFAGYAARQAVLEASNDPFAKGIAWIEGEYVPLAEARIPLLDQGFMRSDLTYDVPSVWDGRFFRLDDHLTRLEVSCDKLRLKVPLPRDEVKRILVDMVAKSGIRDAFVCLIVTRGLKGVRGTKPEDIVNRLYMFIQPYNWVMEPEMQHTGGSAIVARTVRRVPPGAIDPTIKNLQWGDLVRGMFEASDRGATYPFLTDGDAHLTEGSGFNIVLVKDGVLYTPDRGVLQGITRKSVFDAARACGIEVRLEFVPVELAYNADEIFMSTTAGGIMPITSLDGKPVNGGQVGPVTKAIWDTYWAMHYDPCYSFQIDYDGVQKSGVNGLGKL,0.5801
113,F,115,W,145,C,H,C,V,H113F,C115W,V145C,MTSMQKVFAGYAARQAVLEASNDPFAKGIAWIEGEYVPLAEARIPLLDQGFMRSDLTYDVPSVWDGRFFRLDDHLTRLEVSCDKLRLKVPLPRDEVKRILVDMVAKSGIRDAFVWLIVTRGLKGVRGTKPEDIVNRLYMFIQPYCWVMEPEMQHTGGSAIVARTVRRVPPGAIDPTIKNLQWGDLVRGMFEASDRGATYPFLTDGDAHLTEGSGFNIVLVKDGVLYTPDRGVLQGITRKSVFDAARACGIEVRLEFVPVELAYNADEIFMSTTAGGIMPITSLDGKPVNGGQVGPVTKAIWDTYWAMHYDPVYSFQIDYDGVQKSGVNGLGKL,0.5784
113,F,145,C,147,L,H,V,V,H113F,V145C,V147L,MTSMQKVFAGYAARQAVLEASNDPFAKGIAWIEGEYVPLAEARIPLLDQGFMRSDLTYDVPSVWDGRFFRLDDHLTRLEVSCDKLRLKVPLPRDEVKRILVDMVAKSGIRDAFVCLIVTRGLKGVRGTKPEDIVNRLYMFIQPYCWLMEPEMQHTGGSAIVARTVRRVPPGAIDPTIKNLQWGDLVRGMFEASDRGATYPFLTDGDAHLTEGSGFNIVLVKDGVLYTPDRGVLQGITRKSVFDAARACGIEVRLEFVPVELAYNADEIFMSTTAGGIMPITSLDGKPVNGGQVGPVTKAIWDTYWAMHYDPVYSFQIDYDGVQKSGVNGLGKL,0.5775
113,F,145,N,325,C,H,V,S,H113F,V145N,S325C,MTSMQKVFAGYAARQAVLEASNDPFAKGIAWIEGEYVPLAEARIPLLDQGFMRSDLTYDVPSVWDGRFFRLDDHLTRLEVSCDKLRLKVPLPRDEVKRILVDMVAKSGIRDAFVCLIVTRGLKGVRGTKPEDIVNRLYMFIQPYNWVMEPEMQHTGGSAIVARTVRRVPPGAIDPTIKNLQWGDLVRGMFEASDRGATYPFLTDGDAHLTEGSGFNIVLVKDGVLYTPDRGVLQGITRKSVFDAARACGIEVRLEFVPVELAYNADEIFMSTTAGGIMPITSLDGKPVNGGQVGPVTKAIWDTYWAMHYDPVYSFQIDYDGVQKCGVNGLGKL,0.5768
113,F,145,Y,272,S,H,V,T,H113F,V145Y,T272S,MTSMQKVFAGYAARQAVLEASNDPFAKGIAWIEGEYVPLAEARIPLLDQGFMRSDLTYDVPSVWDGRFFRLDDHLTRLEVSCDKLRLKVPLPRDEVKRILVDMVAKSGIRDAFVCLIVTRGLKGVRGTKPEDIVNRLYMFIQPYYWVMEPEMQHTGGSAIVARTVRRVPPGAIDPTIKNLQWGDLVRGMFEASDRGATYPFLTDGDAHLTEGSGFNIVLVKDGVLYTPDRGVLQGITRKSVFDAARACGIEVRLEFVPVELAYNADEIFMSSTAGGIMPITSLDGKPVNGGQVGPVTKAIWDTYWAMHYDPVYSFQIDYDGVQKSGVNGLGKL,0.5766
113,F,115,M,145,C,H,C,V,H113F,C115M,V145C,MTSMQKVFAGYAARQAVLEASNDPFAKGIAWIEGEYVPLAEARIPLLDQGFMRSDLTYDVPSVWDGRFFRLDDHLTRLEVSCDKLRLKVPLPRDEVKRILVDMVAKSGIRDAFVMLIVTRGLKGVRGTKPEDIVNRLYMFIQPYCWVMEPEMQHTGGSAIVARTVRRVPPGAIDPTIKNLQWGDLVRGMFEASDRGATYPFLTDGDAHLTEGSGFNIVLVKDGVLYTPDRGVLQGITRKSVFDAARACGIEVRLEFVPVELAYNADEIFMSTTAGGIMPITSLDGKPVNGGQVGPVTKAIWDTYWAMHYDPVYSFQIDYDGVQKSGVNGLGKL,0.5743
113,F,126,K,145,C,H,R,V,H113F,R126K,V145C,MTSMQKVFAGYAARQAVLEASNDPFAKGIAWIEGEYVPLAEARIPLLDQGFMRSDLTYDVPSVWDGRFFRLDDHLTRLEVSCDKLRLKVPLPRDEVKRILVDMVAKSGIRDAFVCLIVTRGLKGVKGTKPEDIVNRLYMFIQPYCWVMEPEMQHTGGSAIVARTVRRVPPGAIDPTIKNLQWGDLVRGMFEASDRGATYPFLTDGDAHLTEGSGFNIVLVKDGVLYTPDRGVLQGITRKSVFDAARACGIEVRLEFVPVELAYNADEIFMSTTAGGIMPITSLDGKPVNGGQVGPVTKAIWDTYWAMHYDPVYSFQIDYDGVQKSGVNGLGKL,0.5735
113,W,145,C,272,N,H,V,T,H113W,V145C,T272N,MTSMQKVFAGYAARQAVLEASNDPFAKGIAWIEGEYVPLAEARIPLLDQGFMRSDLTYDVPSVWDGRFFRLDDHLTRLEVSCDKLRLKVPLPRDEVKRILVDMVAKSGIRDAWVCLIVTRGLKGVRGTKPEDIVNRLYMFIQPYCWVMEPEMQHTGGSAIVARTVRRVPPGAIDPTIKNLQWGDLVRGMFEASDRGATYPFLTDGDAHLTEGSGFNIVLVKDGVLYTPDRGVLQGITRKSVFDAARACGIEVRLEFVPVELAYNADEIFMSNTAGGIMPITSLDGKPVNGGQVGPVTKAIWDTYWAMHYDPVYSFQIDYDGVQKSGVNGLGKL,0.5733
113,F,145,H,272,S,H,V,T,H113F,V145H,T272S,MTSMQKVFAGYAARQAVLEASNDPFAKGIAWIEGEYVPLAEARIPLLDQGFMRSDLTYDVPSVWDGRFFRLDDHLTRLEVSCDKLRLKVPLPRDEVKRILVDMVAKSGIRDAFVCLIVTRGLKGVRGTKPEDIVNRLYMFIQPYHWVMEPEMQHTGGSAIVARTVRRVPPGAIDPTIKNLQWGDLVRGMFEASDRGATYPFLTDGDAHLTEGSGFNIVLVKDGVLYTPDRGVLQGITRKSVFDAARACGIEVRLEFVPVELAYNADEIFMSSTAGGIMPITSLDGKPVNGGQVGPVTKAIWDTYWAMHYDPVYSFQIDYDGVQKSGVNGLGKL,0.5723
113,F,145,A,325,C,H,V,S,H113F,V145A,S325C,MTSMQKVFAGYAARQAVLEASNDPFAKGIAWIEGEYVPLAEARIPLLDQGFMRSDLTYDVPSVWDGRFFRLDDHLTRLEVSCDKLRLKVPLPRDEVKRILVDMVAKSGIRDAFVCLIVTRGLKGVRGTKPEDIVNRLYMFIQPYAWVMEPEMQHTGGSAIVARTVRRVPPGAIDPTIKNLQWGDLVRGMFEASDRGATYPFLTDGDAHLTEGSGFNIVLVKDGVLYTPDRGVLQGITRKSVFDAARACGIEVRLEFVPVELAYNADEIFMSTTAGGIMPITSLDGKPVNGGQVGPVTKAIWDTYWAMHYDPVYSFQIDYDGVQKCGVNGLGKL,0.5719
113,F,145,C,325,A,H,V,S,H113F,V145C,S325A,MTSMQKVFAGYAARQAVLEASNDPFAKGIAWIEGEYVPLAEARIPLLDQGFMRSDLTYDVPSVWDGRFFRLDDHLTRLEVSCDKLRLKVPLPRDEVKRILVDMVAKSGIRDAFVCLIVTRGLKGVRGTKPEDIVNRLYMFIQPYCWVMEPEMQHTGGSAIVARTVRRVPPGAIDPTIKNLQWGDLVRGMFEASDRGATYPFLTDGDAHLTEGSGFNIVLVKDGVLYTPDRGVLQGITRKSVFDAARACGIEVRLEFVPVELAYNADEIFMSTTAGGIMPITSLDGKPVNGGQVGPVTKAIWDTYWAMHYDPVYSFQIDYDGVQKAGVNGLGKL,0.5718
113,F,145,S,325,V,H,V,S,H113F,V145S,S325V,MTSMQKVFAGYAARQAVLEASNDPFAKGIAWIEGEYVPLAEARIPLLDQGFMRSDLTYDVPSVWDGRFFRLDDHLTRLEVSCDKLRLKVPLPRDEVKRILVDMVAKSGIRDAFVCLIVTRGLKGVRGTKPEDIVNRLYMFIQPYSWVMEPEMQHTGGSAIVARTVRRVPPGAIDPTIKNLQWGDLVRGMFEASDRGATYPFLTDGDAHLTEGSGFNIVLVKDGVLYTPDRGVLQGITRKSVFDAARACGIEVRLEFVPVELAYNADEIFMSTTAGGIMPITSLDGKPVNGGQVGPVTKAIWDTYWAMHYDPVYSFQIDYDGVQKVGVNGLGKL,0.5707
113,F,145,M,312,S,H,V,V,H113F,V145M,V312S,MTSMQKVFAGYAARQAVLEASNDPFAKGIAWIEGEYVPLAEARIPLLDQGFMRSDLTYDVPSVWDGRFFRLDDHLTRLEVSCDKLRLKVPLPRDEVKRILVDMVAKSGIRDAFVCLIVTRGLKGVRGTKPEDIVNRLYMFIQPYMWVMEPEMQHTGGSAIVARTVRRVPPGAIDPTIKNLQWGDLVRGMFEASDRGATYPFLTDGDAHLTEGSGFNIVLVKDGVLYTPDRGVLQGITRKSVFDAARACGIEVRLEFVPVELAYNADEIFMSTTAGGIMPITSLDGKPVNGGQVGPVTKAIWDTYWAMHYDPSYSFQIDYDGVQKSGVNGLGKL,0.5683
113,W,145,C,147,I,H,V,V,H113W,V145C,V147I,MTSMQKVFAGYAARQAVLEASNDPFAKGIAWIEGEYVPLAEARIPLLDQGFMRSDLTYDVPSVWDGRFFRLDDHLTRLEVSCDKLRLKVPLPRDEVKRILVDMVAKSGIRDAWVCLIVTRGLKGVRGTKPEDIVNRLYMFIQPYCWIMEPEMQHTGGSAIVARTVRRVPPGAIDPTIKNLQWGDLVRGMFEASDRGATYPFLTDGDAHLTEGSGFNIVLVKDGVLYTPDRGVLQGITRKSVFDAARACGIEVRLEFVPVELAYNADEIFMSTTAGGIMPITSLDGKPVNGGQVGPVTKAIWDTYWAMHYDPVYSFQIDYDGVQKSGVNGLGKL,0.5677
113,F,145,C,312,C,H,V,V,H113F,V145C,V312C,MTSMQKVFAGYAARQAVLEASNDPFAKGIAWIEGEYVPLAEARIPLLDQGFMRSDLTYDVPSVWDGRFFRLDDHLTRLEVSCDKLRLKVPLPRDEVKRILVDMVAKSGIRDAFVCLIVTRGLKGVRGTKPEDIVNRLYMFIQPYCWVMEPEMQHTGGSAIVARTVRRVPPGAIDPTIKNLQWGDLVRGMFEASDRGATYPFLTDGDAHLTEGSGFNIVLVKDGVLYTPDRGVLQGITRKSVFDAARACGIEVRLEFVPVELAYNADEIFMSTTAGGIMPITSLDGKPVNGGQVGPVTKAIWDTYWAMHYDPCYSFQIDYDGVQKSGVNGLGKL,0.5669
113,F,145,C,312,S,H,V,V,H113F,V145C,V312S,MTSMQKVFAGYAARQAVLEASNDPFAKGIAWIEGEYVPLAEARIPLLDQGFMRSDLTYDVPSVWDGRFFRLDDHLTRLEVSCDKLRLKVPLPRDEVKRILVDMVAKSGIRDAFVCLIVTRGLKGVRGTKPEDIVNRLYMFIQPYCWVMEPEMQHTGGSAIVARTVRRVPPGAIDPTIKNLQWGDLVRGMFEASDRGATYPFLTDGDAHLTEGSGFNIVLVKDGVLYTPDRGVLQGITRKSVFDAARACGIEVRLEFVPVELAYNADEIFMSTTAGGIMPITSLDGKPVNGGQVGPVTKAIWDTYWAMHYDPSYSFQIDYDGVQKSGVNGLGKL,0.5664
113,F,145,C,312,G,H,V,V,H113F,V145C,V312G,MTSMQKVFAGYAARQAVLEASNDPFAKGIAWIEGEYVPLAEARIPLLDQGFMRSDLTYDVPSVWDGRFFRLDDHLTRLEVSCDKLRLKVPLPRDEVKRILVDMVAKSGIRDAFVCLIVTRGLKGVRGTKPEDIVNRLYMFIQPYCWVMEPEMQHTGGSAIVARTVRRVPPGAIDPTIKNLQWGDLVRGMFEASDRGATYPFLTDGDAHLTEGSGFNIVLVKDGVLYTPDRGVLQGITRKSVFDAARACGIEVRLEFVPVELAYNADEIFMSTTAGGIMPITSLDGKPVNGGQVGPVTKAIWDTYWAMHYDPGYSFQIDYDGVQKSGVNGLGKL,0.5655
113,W,145,C,312,C,H,V,V,H113W,V145C,V312C,MTSMQKVFAGYAARQAVLEASNDPFAKGIAWIEGEYVPLAEARIPLLDQGFMRSDLTYDVPSVWDGRFFRLDDHLTRLEVSCDKLRLKVPLPRDEVKRILVDMVAKSGIRDAWVCLIVTRGLKGVRGTKPEDIVNRLYMFIQPYCWVMEPEMQHTGGSAIVARTVRRVPPGAIDPTIKNLQWGDLVRGMFEASDRGATYPFLTDGDAHLTEGSGFNIVLVKDGVLYTPDRGVLQGITRKSVFDAARACGIEVRLEFVPVELAYNADEIFMSTTAGGIMPITSLDGKPVNGGQVGPVTKAIWDTYWAMHYDPCYSFQIDYDGVQKSGVNGLGKL,0.5655
113,F,115,F,145,C,H,C,V,H113F,C115F,V145C,MTSMQKVFAGYAARQAVLEASNDPFAKGIAWIEGEYVPLAEARIPLLDQGFMRSDLTYDVPSVWDGRFFRLDDHLTRLEVSCDKLRLKVPLPRDEVKRILVDMVAKSGIRDAFVFLIVTRGLKGVRGTKPEDIVNRLYMFIQPYCWVMEPEMQHTGGSAIVARTVRRVPPGAIDPTIKNLQWGDLVRGMFEASDRGATYPFLTDGDAHLTEGSGFNIVLVKDGVLYTPDRGVLQGITRKSVFDAARACGIEVRLEFVPVELAYNADEIFMSTTAGGIMPITSLDGKPVNGGQVGPVTKAIWDTYWAMHYDPVYSFQIDYDGVQKSGVNGLGKL,0.565
113,F,115,T,145,C,H,C,V,H113F,C115T,V145C,MTSMQKVFAGYAARQAVLEASNDPFAKGIAWIEGEYVPLAEARIPLLDQGFMRSDLTYDVPSVWDGRFFRLDDHLTRLEVSCDKLRLKVPLPRDEVKRILVDMVAKSGIRDAFVTLIVTRGLKGVRGTKPEDIVNRLYMFIQPYCWVMEPEMQHTGGSAIVARTVRRVPPGAIDPTIKNLQWGDLVRGMFEASDRGATYPFLTDGDAHLTEGSGFNIVLVKDGVLYTPDRGVLQGITRKSVFDAARACGIEVRLEFVPVELAYNADEIFMSTTAGGIMPITSLDGKPVNGGQVGPVTKAIWDTYWAMHYDPVYSFQIDYDGVQKSGVNGLGKL,0.5646
113,F,145,S,325,A,H,V,S,H113F,V145S,S325A,MTSMQKVFAGYAARQAVLEASNDPFAKGIAWIEGEYVPLAEARIPLLDQGFMRSDLTYDVPSVWDGRFFRLDDHLTRLEVSCDKLRLKVPLPRDEVKRILVDMVAKSGIRDAFVCLIVTRGLKGVRGTKPEDIVNRLYMFIQPYSWVMEPEMQHTGGSAIVARTVRRVPPGAIDPTIKNLQWGDLVRGMFEASDRGATYPFLTDGDAHLTEGSGFNIVLVKDGVLYTPDRGVLQGITRKSVFDAARACGIEVRLEFVPVELAYNADEIFMSTTAGGIMPITSLDGKPVNGGQVGPVTKAIWDTYWAMHYDPVYSFQIDYDGVQKAGVNGLGKL,0.5616
113,F,145,A,147,I,H,V,V,H113F,V145A,V147I,MTSMQKVFAGYAARQAVLEASNDPFAKGIAWIEGEYVPLAEARIPLLDQGFMRSDLTYDVPSVWDGRFFRLDDHLTRLEVSCDKLRLKVPLPRDEVKRILVDMVAKSGIRDAFVCLIVTRGLKGVRGTKPEDIVNRLYMFIQPYAWIMEPEMQHTGGSAIVARTVRRVPPGAIDPTIKNLQWGDLVRGMFEASDRGATYPFLTDGDAHLTEGSGFNIVLVKDGVLYTPDRGVLQGITRKSVFDAARACGIEVRLEFVPVELAYNADEIFMSTTAGGIMPITSLDGKPVNGGQVGPVTKAIWDTYWAMHYDPVYSFQIDYDGVQKSGVNGLGKL,0.5615
113,W,145,S,325,C,H,V,S,H113W,V145S,S325C,MTSMQKVFAGYAARQAVLEASNDPFAKGIAWIEGEYVPLAEARIPLLDQGFMRSDLTYDVPSVWDGRFFRLDDHLTRLEVSCDKLRLKVPLPRDEVKRILVDMVAKSGIRDAWVCLIVTRGLKGVRGTKPEDIVNRLYMFIQPYSWVMEPEMQHTGGSAIVARTVRRVPPGAIDPTIKNLQWGDLVRGMFEASDRGATYPFLTDGDAHLTEGSGFNIVLVKDGVLYTPDRGVLQGITRKSVFDAARACGIEVRLEFVPVELAYNADEIFMSTTAGGIMPITSLDGKPVNGGQVGPVTKAIWDTYWAMHYDPVYSFQIDYDGVQKCGVNGLGKL,0.5614
113,F,272,S,312,S,H,T,V,H113F,T272S,V312S,MTSMQKVFAGYAARQAVLEASNDPFAKGIAWIEGEYVPLAEARIPLLDQGFMRSDLTYDVPSVWDGRFFRLDDHLTRLEVSCDKLRLKVPLPRDEVKRILVDMVAKSGIRDAFVCLIVTRGLKGVRGTKPEDIVNRLYMFIQPYVWVMEPEMQHTGGSAIVARTVRRVPPGAIDPTIKNLQWGDLVRGMFEASDRGATYPFLTDGDAHLTEGSGFNIVLVKDGVLYTPDRGVLQGITRKSVFDAARACGIEVRLEFVPVELAYNADEIFMSSTAGGIMPITSLDGKPVNGGQVGPVTKAIWDTYWAMHYDPSYSFQIDYDGVQKSGVNGLGKL,0.5613
113,F,145,N,147,I,H,V,V,H113F,V145N,V147I,MTSMQKVFAGYAARQAVLEASNDPFAKGIAWIEGEYVPLAEARIPLLDQGFMRSDLTYDVPSVWDGRFFRLDDHLTRLEVSCDKLRLKVPLPRDEVKRILVDMVAKSGIRDAFVCLIVTRGLKGVRGTKPEDIVNRLYMFIQPYNWIMEPEMQHTGGSAIVARTVRRVPPGAIDPTIKNLQWGDLVRGMFEASDRGATYPFLTDGDAHLTEGSGFNIVLVKDGVLYTPDRGVLQGITRKSVFDAARACGIEVRLEFVPVELAYNADEIFMSTTAGGIMPITSLDGKPVNGGQVGPVTKAIWDTYWAMHYDPVYSFQIDYDGVQKSGVNGLGKL,0.5609
113,F,115,S,145,C,H,C,V,H113F,C115S,V145C,MTSMQKVFAGYAARQAVLEASNDPFAKGIAWIEGEYVPLAEARIPLLDQGFMRSDLTYDVPSVWDGRFFRLDDHLTRLEVSCDKLRLKVPLPRDEVKRILVDMVAKSGIRDAFVSLIVTRGLKGVRGTKPEDIVNRLYMFIQPYCWVMEPEMQHTGGSAIVARTVRRVPPGAIDPTIKNLQWGDLVRGMFEASDRGATYPFLTDGDAHLTEGSGFNIVLVKDGVLYTPDRGVLQGITRKSVFDAARACGIEVRLEFVPVELAYNADEIFMSTTAGGIMPITSLDGKPVNGGQVGPVTKAIWDTYWAMHYDPVYSFQIDYDGVQKSGVNGLGKL,0.5598
113,Y,145,C,325,A,H,V,S,H113Y,V145C,S325A,MTSMQKVFAGYAARQAVLEASNDPFAKGIAWIEGEYVPLAEARIPLLDQGFMRSDLTYDVPSVWDGRFFRLDDHLTRLEVSCDKLRLKVPLPRDEVKRILVDMVAKSGIRDAYVCLIVTRGLKGVRGTKPEDIVNRLYMFIQPYCWVMEPEMQHTGGSAIVARTVRRVPPGAIDPTIKNLQWGDLVRGMFEASDRGATYPFLTDGDAHLTEGSGFNIVLVKDGVLYTPDRGVLQGITRKSVFDAARACGIEVRLEFVPVELAYNADEIFMSTTAGGIMPITSLDGKPVNGGQVGPVTKAIWDTYWAMHYDPVYSFQIDYDGVQKAGVNGLGKL,0.5593
113,F,147,I,312,S,H,V,V,H113F,V147I,V312S,MTSMQKVFAGYAARQAVLEASNDPFAKGIAWIEGEYVPLAEARIPLLDQGFMRSDLTYDVPSVWDGRFFRLDDHLTRLEVSCDKLRLKVPLPRDEVKRILVDMVAKSGIRDAFVCLIVTRGLKGVRGTKPEDIVNRLYMFIQPYVWIMEPEMQHTGGSAIVARTVRRVPPGAIDPTIKNLQWGDLVRGMFEASDRGATYPFLTDGDAHLTEGSGFNIVLVKDGVLYTPDRGVLQGITRKSVFDAARACGIEVRLEFVPVELAYNADEIFMSTTAGGIMPITSLDGKPVNGGQVGPVTKAIWDTYWAMHYDPSYSFQIDYDGVQKSGVNGLGKL,0.5583
113,F,145,W,325,A,H,V,S,H113F,V145W,S325A,MTSMQKVFAGYAARQAVLEASNDPFAKGIAWIEGEYVPLAEARIPLLDQGFMRSDLTYDVPSVWDGRFFRLDDHLTRLEVSCDKLRLKVPLPRDEVKRILVDMVAKSGIRDAFVCLIVTRGLKGVRGTKPEDIVNRLYMFIQPYWWVMEPEMQHTGGSAIVARTVRRVPPGAIDPTIKNLQWGDLVRGMFEASDRGATYPFLTDGDAHLTEGSGFNIVLVKDGVLYTPDRGVLQGITRKSVFDAARACGIEVRLEFVPVELAYNADEIFMSTTAGGIMPITSLDGKPVNGGQVGPVTKAIWDTYWAMHYDPVYSFQIDYDGVQKAGVNGLGKL,0.5578
113,F,145,F,312,S,H,V,V,H113F,V145F,V312S,MTSMQKVFAGYAARQAVLEASNDPFAKGIAWIEGEYVPLAEARIPLLDQGFMRSDLTYDVPSVWDGRFFRLDDHLTRLEVSCDKLRLKVPLPRDEVKRILVDMVAKSGIRDAFVCLIVTRGLKGVRGTKPEDIVNRLYMFIQPYFWVMEPEMQHTGGSAIVARTVRRVPPGAIDPTIKNLQWGDLVRGMFEASDRGATYPFLTDGDAHLTEGSGFNIVLVKDGVLYTPDRGVLQGITRKSVFDAARACGIEVRLEFVPVELAYNADEIFMSTTAGGIMPITSLDGKPVNGGQVGPVTKAIWDTYWAMHYDPSYSFQIDYDGVQKSGVNGLGKL,0.5576
113,W,145,C,312,G,H,V,V,H113W,V145C,V312G,MTSMQKVFAGYAARQAVLEASNDPFAKGIAWIEGEYVPLAEARIPLLDQGFMRSDLTYDVPSVWDGRFFRLDDHLTRLEVSCDKLRLKVPLPRDEVKRILVDMVAKSGIRDAWVCLIVTRGLKGVRGTKPEDIVNRLYMFIQPYCWVMEPEMQHTGGSAIVARTVRRVPPGAIDPTIKNLQWGDLVRGMFEASDRGATYPFLTDGDAHLTEGSGFNIVLVKDGVLYTPDRGVLQGITRKSVFDAARACGIEVRLEFVPVELAYNADEIFMSTTAGGIMPITSLDGKPVNGGQVGPVTKAIWDTYWAMHYDPGYSFQIDYDGVQKSGVNGLGKL,0.5575
113,F,145,L,312,T,H,V,V,H113F,V145L,V312T,MTSMQKVFAGYAARQAVLEASNDPFAKGIAWIEGEYVPLAEARIPLLDQGFMRSDLTYDVPSVWDGRFFRLDDHLTRLEVSCDKLRLKVPLPRDEVKRILVDMVAKSGIRDAFVCLIVTRGLKGVRGTKPEDIVNRLYMFIQPYLWVMEPEMQHTGGSAIVARTVRRVPPGAIDPTIKNLQWGDLVRGMFEASDRGATYPFLTDGDAHLTEGSGFNIVLVKDGVLYTPDRGVLQGITRKSVFDAARACGIEVRLEFVPVELAYNADEIFMSTTAGGIMPITSLDGKPVNGGQVGPVTKAIWDTYWAMHYDPTYSFQIDYDGVQKSGVNGLGKL,0.5569
113,Y,145,F,312,K,H,V,V,H113Y,V145F,V312K,MTSMQKVFAGYAARQAVLEASNDPFAKGIAWIEGEYVPLAEARIPLLDQGFMRSDLTYDVPSVWDGRFFRLDDHLTRLEVSCDKLRLKVPLPRDEVKRILVDMVAKSGIRDAYVCLIVTRGLKGVRGTKPEDIVNRLYMFIQPYFWVMEPEMQHTGGSAIVARTVRRVPPGAIDPTIKNLQWGDLVRGMFEASDRGATYPFLTDGDAHLTEGSGFNIVLVKDGVLYTPDRGVLQGITRKSVFDAARACGIEVRLEFVPVELAYNADEIFMSTTAGGIMPITSLDGKPVNGGQVGPVTKAIWDTYWAMHYDPKYSFQIDYDGVQKSGVNGLGKL,0.5558
113,F,145,Y,199,F,H,V,Y,H113F,V145Y,Y199F,MTSMQKVFAGYAARQAVLEASNDPFAKGIAWIEGEYVPLAEARIPLLDQGFMRSDLTYDVPSVWDGRFFRLDDHLTRLEVSCDKLRLKVPLPRDEVKRILVDMVAKSGIRDAFVCLIVTRGLKGVRGTKPEDIVNRLYMFIQPYYWVMEPEMQHTGGSAIVARTVRRVPPGAIDPTIKNLQWGDLVRGMFEASDRGATFPFLTDGDAHLTEGSGFNIVLVKDGVLYTPDRGVLQGITRKSVFDAARACGIEVRLEFVPVELAYNADEIFMSTTAGGIMPITSLDGKPVNGGQVGPVTKAIWDTYWAMHYDPVYSFQIDYDGVQKSGVNGLGKL,0.5556
113,F,145,N,325,A,H,V,S,H113F,V145N,S325A,MTSMQKVFAGYAARQAVLEASNDPFAKGIAWIEGEYVPLAEARIPLLDQGFMRSDLTYDVPSVWDGRFFRLDDHLTRLEVSCDKLRLKVPLPRDEVKRILVDMVAKSGIRDAFVCLIVTRGLKGVRGTKPEDIVNRLYMFIQPYNWVMEPEMQHTGGSAIVARTVRRVPPGAIDPTIKNLQWGDLVRGMFEASDRGATYPFLTDGDAHLTEGSGFNIVLVKDGVLYTPDRGVLQGITRKSVFDAARACGIEVRLEFVPVELAYNADEIFMSTTAGGIMPITSLDGKPVNGGQVGPVTKAIWDTYWAMHYDPVYSFQIDYDGVQKAGVNGLGKL,0.5549
113,W,145,N,312,C,H,V,V,H113W,V145N,V312C,MTSMQKVFAGYAARQAVLEASNDPFAKGIAWIEGEYVPLAEARIPLLDQGFMRSDLTYDVPSVWDGRFFRLDDHLTRLEVSCDKLRLKVPLPRDEVKRILVDMVAKSGIRDAWVCLIVTRGLKGVRGTKPEDIVNRLYMFIQPYNWVMEPEMQHTGGSAIVARTVRRVPPGAIDPTIKNLQWGDLVRGMFEASDRGATYPFLTDGDAHLTEGSGFNIVLVKDGVLYTPDRGVLQGITRKSVFDAARACGIEVRLEFVPVELAYNADEIFMSTTAGGIMPITSLDGKPVNGGQVGPVTKAIWDTYWAMHYDPCYSFQIDYDGVQKSGVNGLGKL,0.5547
113,F,145,F,312,T,H,V,V,H113F,V145F,V312T,MTSMQKVFAGYAARQAVLEASNDPFAKGIAWIEGEYVPLAEARIPLLDQGFMRSDLTYDVPSVWDGRFFRLDDHLTRLEVSCDKLRLKVPLPRDEVKRILVDMVAKSGIRDAFVCLIVTRGLKGVRGTKPEDIVNRLYMFIQPYFWVMEPEMQHTGGSAIVARTVRRVPPGAIDPTIKNLQWGDLVRGMFEASDRGATYPFLTDGDAHLTEGSGFNIVLVKDGVLYTPDRGVLQGITRKSVFDAARACGIEVRLEFVPVELAYNADEIFMSTTAGGIMPITSLDGKPVNGGQVGPVTKAIWDTYWAMHYDPTYSFQIDYDGVQKSGVNGLGKL,0.5538
113,Y,145,C,312,C,H,V,V,H113Y,V145C,V312C,MTSMQKVFAGYAARQAVLEASNDPFAKGIAWIEGEYVPLAEARIPLLDQGFMRSDLTYDVPSVWDGRFFRLDDHLTRLEVSCDKLRLKVPLPRDEVKRILVDMVAKSGIRDAYVCLIVTRGLKGVRGTKPEDIVNRLYMFIQPYCWVMEPEMQHTGGSAIVARTVRRVPPGAIDPTIKNLQWGDLVRGMFEASDRGATYPFLTDGDAHLTEGSGFNIVLVKDGVLYTPDRGVLQGITRKSVFDAARACGIEVRLEFVPVELAYNADEIFMSTTAGGIMPITSLDGKPVNGGQVGPVTKAIWDTYWAMHYDPCYSFQIDYDGVQKSGVNGLGKL,0.5537
113,F,145,S,312,C,H,V,V,H113F,V145S,V312C,MTSMQKVFAGYAARQAVLEASNDPFAKGIAWIEGEYVPLAEARIPLLDQGFMRSDLTYDVPSVWDGRFFRLDDHLTRLEVSCDKLRLKVPLPRDEVKRILVDMVAKSGIRDAFVCLIVTRGLKGVRGTKPEDIVNRLYMFIQPYSWVMEPEMQHTGGSAIVARTVRRVPPGAIDPTIKNLQWGDLVRGMFEASDRGATYPFLTDGDAHLTEGSGFNIVLVKDGVLYTPDRGVLQGITRKSVFDAARACGIEVRLEFVPVELAYNADEIFMSTTAGGIMPITSLDGKPVNGGQVGPVTKAIWDTYWAMHYDPCYSFQIDYDGVQKSGVNGLGKL,0.5536
113,F,145,S,272,S,H,V,T,H113F,V145S,T272S,MTSMQKVFAGYAARQAVLEASNDPFAKGIAWIEGEYVPLAEARIPLLDQGFMRSDLTYDVPSVWDGRFFRLDDHLTRLEVSCDKLRLKVPLPRDEVKRILVDMVAKSGIRDAFVCLIVTRGLKGVRGTKPEDIVNRLYMFIQPYSWVMEPEMQHTGGSAIVARTVRRVPPGAIDPTIKNLQWGDLVRGMFEASDRGATYPFLTDGDAHLTEGSGFNIVLVKDGVLYTPDRGVLQGITRKSVFDAARACGIEVRLEFVPVELAYNADEIFMSSTAGGIMPITSLDGKPVNGGQVGPVTKAIWDTYWAMHYDPVYSFQIDYDGVQKSGVNGLGKL,0.5533
113,W,145,C,325,C,H,V,S,H113W,V145C,S325C,MTSMQKVFAGYAARQAVLEASNDPFAKGIAWIEGEYVPLAEARIPLLDQGFMRSDLTYDVPSVWDGRFFRLDDHLTRLEVSCDKLRLKVPLPRDEVKRILVDMVAKSGIRDAWVCLIVTRGLKGVRGTKPEDIVNRLYMFIQPYCWVMEPEMQHTGGSAIVARTVRRVPPGAIDPTIKNLQWGDLVRGMFEASDRGATYPFLTDGDAHLTEGSGFNIVLVKDGVLYTPDRGVLQGITRKSVFDAARACGIEVRLEFVPVELAYNADEIFMSTTAGGIMPITSLDGKPVNGGQVGPVTKAIWDTYWAMHYDPVYSFQIDYDGVQKCGVNGLGKL,0.5532
113,F,145,S,325,T,H,V,S,H113F,V145S,S325T,MTSMQKVFAGYAARQAVLEASNDPFAKGIAWIEGEYVPLAEARIPLLDQGFMRSDLTYDVPSVWDGRFFRLDDHLTRLEVSCDKLRLKVPLPRDEVKRILVDMVAKSGIRDAFVCLIVTRGLKGVRGTKPEDIVNRLYMFIQPYSWVMEPEMQHTGGSAIVARTVRRVPPGAIDPTIKNLQWGDLVRGMFEASDRGATYPFLTDGDAHLTEGSGFNIVLVKDGVLYTPDRGVLQGITRKSVFDAARACGIEVRLEFVPVELAYNADEIFMSTTAGGIMPITSLDGKPVNGGQVGPVTKAIWDTYWAMHYDPVYSFQIDYDGVQKTGVNGLGKL,0.5522
113,F,145,S,312,G,H,V,V,H113F,V145S,V312G,MTSMQKVFAGYAARQAVLEASNDPFAKGIAWIEGEYVPLAEARIPLLDQGFMRSDLTYDVPSVWDGRFFRLDDHLTRLEVSCDKLRLKVPLPRDEVKRILVDMVAKSGIRDAFVCLIVTRGLKGVRGTKPEDIVNRLYMFIQPYSWVMEPEMQHTGGSAIVARTVRRVPPGAIDPTIKNLQWGDLVRGMFEASDRGATYPFLTDGDAHLTEGSGFNIVLVKDGVLYTPDRGVLQGITRKSVFDAARACGIEVRLEFVPVELAYNADEIFMSTTAGGIMPITSLDGKPVNGGQVGPVTKAIWDTYWAMHYDPGYSFQIDYDGVQKSGVNGLGKL,0.5508
113,F,147,L,325,C,H,V,S,H113F,V147L,S325C,MTSMQKVFAGYAARQAVLEASNDPFAKGIAWIEGEYVPLAEARIPLLDQGFMRSDLTYDVPSVWDGRFFRLDDHLTRLEVSCDKLRLKVPLPRDEVKRILVDMVAKSGIRDAFVCLIVTRGLKGVRGTKPEDIVNRLYMFIQPYVWLMEPEMQHTGGSAIVARTVRRVPPGAIDPTIKNLQWGDLVRGMFEASDRGATYPFLTDGDAHLTEGSGFNIVLVKDGVLYTPDRGVLQGITRKSVFDAARACGIEVRLEFVPVELAYNADEIFMSTTAGGIMPITSLDGKPVNGGQVGPVTKAIWDTYWAMHYDPVYSFQIDYDGVQKCGVNGLGKL,0.5505
